/* 
============================================================
   BASE DE DATOS: VETERINARIA
============================================================ 
DROP TABLE DETALLE_CONSULTAS CASCADE CONSTRAINTS;
DROP TABLE VACUNA_APLICADAS CASCADE CONSTRAINTS;
DROP TABLE CONSULTAS CASCADE CONSTRAINTS;
DROP TABLE MASCOTAS CASCADE CONSTRAINTS;
DROP TABLE CLIENTES CASCADE CONSTRAINTS;
DROP TABLE VETERINARIOS CASCADE CONSTRAINTS;
DROP TABLE ESPECIALIDADES CASCADE CONSTRAINTS;
DROP TABLE VACUNAS CASCADE CONSTRAINTS;
DROP TABLE PRODUCTOS CASCADE CONSTRAINTS;
*/

CREATE TABLE CLIENTEs (
    ID_CLIENTE      NUMBER(10)GENERATED ALWAYS AS IDENTITY PRIMARY KEY,
    NOMBRE          VARCHAR2(60)NOT NULL,
    APELLIDO        VARCHAR2(60)NOT NULL,
    DNI             VARCHAR2(20),
    TELEFONO        VARCHAR2(30),
    EMAIL           VARCHAR2(100)UNIQUE,
    DIRECCION       VARCHAR2(150),
    FECHA_ALTA      DATE DEFAULT SYSDATE,
    CONSTRAINT CHK_CLIENTE_EMAIL CHECK (EMAIL IS NULL OR EMAIL LIKE '%@%')
);

CREATE TABLE ESPECIALIDADES (
    ID_ESPECIALIDAD   NUMBER(10)GENERATED ALWAYS AS IDENTITY PRIMARY KEY,
    NOMBRE             VARCHAR2(60)  NOT NULL UNIQUE,
    DESCRIPCION        VARCHAR2(200)
);

CREATE TABLE VETERINARIOS (
    ID_VETERINARIO   NUMBER(10)GENERATED ALWAYS AS IDENTITY PRIMARY KEY,
    NOMBRE           VARCHAR2(60)     NOT NULL,
    APELLIDO         VARCHAR2(60)     NOT NULL,
    MATRICULA        VARCHAR2(30)     UNIQUE NOT NULL,
    TELEFONO         VARCHAR2(30),
    EMAIL            VARCHAR2(100),
    ID_ESPECIALIDAD  NUMBER(10),
    FECHA_INGRESO    DATE             DEFAULT SYSDATE,
    ACTIVO           CHAR(1)          DEFAULT 'S' CHECK (ACTIVO IN ('S','N')),
    CONSTRAINT FK_VET_ESPECIALIDAD FOREIGN KEY (ID_ESPECIALIDAD)
        REFERENCES ESPECIALIDADES (ID_ESPECIALIDAD)
);

CREATE TABLE MASCOTAS (
    ID_MASCOTA       NUMBER(10)GENERATED ALWAYS AS IDENTITY PRIMARY KEY,
    NOMBRE           VARCHAR2(60)    NOT NULL,
    ESPECIE          VARCHAR2(40)    NOT NULL,   -- Perro, Gato, Ave, etc.
    RAZA             VARCHAR2(60),
    SEXO             CHAR(1)         CHECK (SEXO IN ('M','H')),
    FECHA_NACIMIENTO DATE,
    PESO_KG          NUMBER(5,2),
    COLOR            VARCHAR2(40),
    ESTERILIZADO     CHAR(1)         DEFAULT 'N' CHECK (ESTERILIZADO IN ('S','N')),
    ID_CLIENTE       NUMBER(10)      NOT NULL,
    FECHA_ALTA       DATE            DEFAULT SYSDATE,
    CONSTRAINT FK_MASCOTA_CLIENTE FOREIGN KEY (ID_CLIENTE)REFERENCES CLIENTES (ID_CLIENTE)
);

CREATE TABLE CONSULTAS (
    ID_CONSULTA      NUMBER(10)GENERATED ALWAYS AS IDENTITY PRIMARY KEY,
    ID_MASCOTA       NUMBER(10)      NOT NULL,
    ID_VETERINARIO   NUMBER(10)      NOT NULL,
    FECHA_HORA       DATE            DEFAULT SYSDATE NOT NULL,
    MOTIVO           VARCHAR2(200),
    DIAGNOSTICO      VARCHAR2(500),
    TRATAMIENTO      VARCHAR2(500),
    PESO_REGISTRADO  NUMBER(5,2),
    COSTO            NUMBER(10,2)    DEFAULT 0,
    ESTADO           VARCHAR2(20)    DEFAULT 'PENDIENTE'
                       CHECK (ESTADO IN ('PENDIENTE','EN_CURSO','FINALIZADA','CANCELADA')),
    CONSTRAINT FK_CONSULTA_MASCOTA FOREIGN KEY (ID_MASCOTA)
        REFERENCES MASCOTAS (ID_MASCOTA),
    CONSTRAINT FK_CONSULTA_VETERINARIO FOREIGN KEY (ID_VETERINARIO)
        REFERENCES VETERINARIOS (ID_VETERINARIO)
);

CREATE TABLE VACUNAS (
    ID_VACUNA        NUMBER(10)GENERATED ALWAYS AS IDENTITY PRIMARY KEY,
    NOMBRE           VARCHAR2(80)    NOT NULL UNIQUE,
    ESPECIE_OBJETIVO VARCHAR2(40),
    DOSIS_TOTALES    NUMBER(3)       DEFAULT 1,
    PRECIO           NUMBER(10,2)    DEFAULT 0
);

CREATE TABLE VACUNA_APLICADAS (
    ID_VAC_APLICADA  NUMBER(10)GENERATED ALWAYS AS IDENTITY PRIMARY KEY,
    ID_MASCOTA       NUMBER(10)      NOT NULL,
    ID_VACUNA        NUMBER(10)      NOT NULL,
    ID_VETERINARIO   NUMBER(10),
    FECHA_APLICACION DATE            DEFAULT SYSDATE,
    NUMERO_DOSIS     NUMBER(3)       DEFAULT 1,
    PROXIMA_DOSIS    DATE,
    CONSTRAINT FK_VACAPLIC_MASCOTA FOREIGN KEY (ID_MASCOTA)
        REFERENCES MASCOTAS (ID_MASCOTA)
        ON DELETE CASCADE,
    CONSTRAINT FK_VACAPLIC_VACUNA FOREIGN KEY (ID_VACUNA)
        REFERENCES VACUNAS (ID_VACUNA),
    CONSTRAINT FK_VACAPLIC_VETERINARIO FOREIGN KEY (ID_VETERINARIO)
        REFERENCES VETERINARIOS (ID_VETERINARIO)
);

CREATE TABLE PRODUCTOS (
    ID_PRODUCTO      NUMBER(10) GENERATED ALWAYS AS IDENTITY PRIMARY KEY,
    NOMBRE           VARCHAR2(100)   NOT NULL,
    TIPO             VARCHAR2(40),    -- Medicamento, Alimento, Insumo
    STOCK            NUMBER(10)      DEFAULT 0,
    PRECIO_UNITARIO  NUMBER(10,2)    DEFAULT 0
);

CREATE TABLE DETALLE_CONSULTAS (
    ID_DETALLE       NUMBER(10) GENERATED ALWAYS AS IDENTITY PRIMARY KEY,
    ID_CONSULTA      NUMBER(10)      NOT NULL,
    ID_PRODUCTO      NUMBER(10)      NOT NULL,
    CANTIDAD         NUMBER(6)       DEFAULT 1,
    PRECIO_UNITARIO  NUMBER(10,2)    NOT NULL,
    CONSTRAINT FK_DETALLE_CONSULTA FOREIGN KEY (ID_CONSULTA)
        REFERENCES CONSULTAS (ID_CONSULTA)
        ON DELETE CASCADE,
    CONSTRAINT FK_DETALLE_PRODUCTO FOREIGN KEY (ID_PRODUCTO)
        REFERENCES PRODUCTOS (ID_PRODUCTO)
);

/* ============================================================
   DATOS DE LA BASE DE DATOS DE LA VETERINARIA
   ============================================================ */

INSERT INTO ESPECIALIDADES (NOMBRE, DESCRIPCION) VALUES ('Clínica General', 'Atención general y chequeos de rutina');
INSERT INTO ESPECIALIDADES (NOMBRE, DESCRIPCION) VALUES ('Cirugía', 'Intervenciones quirúrgicas');
INSERT INTO ESPECIALIDADES (NOMBRE, DESCRIPCION) VALUES ('Dermatología', 'Enfermedades de piel y pelaje');
INSERT INTO ESPECIALIDADES (NOMBRE, DESCRIPCION) VALUES ('Cardiología', 'Enfermedades cardíacas');
INSERT INTO ESPECIALIDADES (NOMBRE, DESCRIPCION) VALUES ('Odontología', 'Salud bucal y dental');
INSERT INTO ESPECIALIDADES (NOMBRE, DESCRIPCION) VALUES ('Oftalmología', 'Enfermedades oculares');
INSERT INTO ESPECIALIDADES (NOMBRE, DESCRIPCION) VALUES ('Traumatología', 'Fracturas y lesiones óseas');
INSERT INTO ESPECIALIDADES (NOMBRE, DESCRIPCION) VALUES ('Neurología', 'Sistema nervioso');
INSERT INTO ESPECIALIDADES (NOMBRE, DESCRIPCION) VALUES ('Oncología', 'Diagnóstico y tratamiento de tumores');
INSERT INTO ESPECIALIDADES (NOMBRE, DESCRIPCION) VALUES ('Nutrición', 'Planes alimenticios y dietas');
INSERT INTO ESPECIALIDADES (NOMBRE, DESCRIPCION) VALUES ('Endocrinología', 'Trastornos hormonales');
INSERT INTO ESPECIALIDADES (NOMBRE, DESCRIPCION) VALUES ('Reproducción', 'Salud reproductiva y reproducción asistida');
INSERT INTO ESPECIALIDADES (NOMBRE, DESCRIPCION) VALUES ('Medicina Felina', 'Especializada en gatos');
INSERT INTO ESPECIALIDADES (NOMBRE, DESCRIPCION) VALUES ('Medicina de Exóticos', 'Aves, reptiles y roedores');
INSERT INTO ESPECIALIDADES (NOMBRE, DESCRIPCION) VALUES ('Diagnóstico por Imágenes', 'Radiología y ecografía');
INSERT INTO ESPECIALIDADES (NOMBRE, DESCRIPCION) VALUES ('Anestesiología', 'Manejo anestésico en procedimientos');
INSERT INTO ESPECIALIDADES (NOMBRE, DESCRIPCION) VALUES ('Medicina Interna', 'Diagnóstico de enfermedades complejas');
INSERT INTO ESPECIALIDADES (NOMBRE, DESCRIPCION) VALUES ('Rehabilitación', 'Fisioterapia y recuperación post quirúrgica');
INSERT INTO ESPECIALIDADES (NOMBRE, DESCRIPCION) VALUES ('Toxicología', 'Intoxicaciones y envenenamientos');
INSERT INTO ESPECIALIDADES (NOMBRE, DESCRIPCION) VALUES ('Urgencias', 'Atención de emergencias');

-- ============================================================
-- 2. CLIENTE 
-- ============================================================
INSERT INTO CLIENTES (NOMBRE, APELLIDO, DNI, TELEFONO, EMAIL, DIRECCION) VALUES ('Lucas', 'Gómez', '30111222', '1145678901', 'lucas.gomez@mail.com', 'Av. Rivadavia 1234, CABA');
INSERT INTO CLIENTES (NOMBRE, APELLIDO, DNI, TELEFONO, EMAIL, DIRECCION) VALUES ('Martina', 'Fernández', '29888777', '1156789012', 'martina.fernandez@mail.com', 'Calle Mitre 567, Vicente López');
INSERT INTO CLIENTES (NOMBRE, APELLIDO, DNI, TELEFONO, EMAIL, DIRECCION) VALUES ('Juan', 'Pérez', '32456789', '1167890123', 'juan.perez@mail.com', 'San Martín 890, Olivos');
INSERT INTO CLIENTES (NOMBRE, APELLIDO, DNI, TELEFONO, EMAIL, DIRECCION) VALUES ('Sofía', 'Rodríguez', '31234567', '1178901234', 'sofia.rodriguez@mail.com', 'Belgrano 234, San Isidro');
INSERT INTO CLIENTES (NOMBRE, APELLIDO, DNI, TELEFONO, EMAIL, DIRECCION) VALUES ('Diego', 'Martínez', '28999888', '1189012345', 'diego.martinez@mail.com', 'Lavalle 456, CABA');
INSERT INTO CLIENTES (NOMBRE, APELLIDO, DNI, TELEFONO, EMAIL, DIRECCION) VALUES ('Valentina', 'López', '33567890', '1190123456', 'valentina.lopez@mail.com', 'Independencia 789, CABA');
INSERT INTO CLIENTES (NOMBRE, APELLIDO, DNI, TELEFONO, EMAIL, DIRECCION) VALUES ('Mateo', 'García', '27888999', '1101234567', 'mateo.garcia@mail.com', 'Pueyrredón 321, Caballito');
INSERT INTO CLIENTES (NOMBRE, APELLIDO, DNI, TELEFONO, EMAIL, DIRECCION) VALUES ('Camila', 'Sánchez', '34678901', '1112345678', 'camila.sanchez@mail.com', 'Las Heras 654, Palermo');
INSERT INTO CLIENTES (NOMBRE, APELLIDO, DNI, TELEFONO, EMAIL, DIRECCION) VALUES ('Tomás', 'Romero', '26777666', '1123456789', 'tomas.romero@mail.com', 'Av. Cabildo 987, Belgrano');
INSERT INTO CLIENTES (NOMBRE, APELLIDO, DNI, TELEFONO, EMAIL, DIRECCION) VALUES ('Florencia', 'Díaz', '35789012', '1134567890', 'florencia.diaz@mail.com', 'Av. Santa Fe 159, CABA');
INSERT INTO CLIENTES (NOMBRE, APELLIDO, DNI, TELEFONO, EMAIL, DIRECCION) VALUES ('Nicolás', 'Torres', '25666555', '1145678902', 'nicolas.torres@mail.com', 'Av. Maipú 753, Vicente López');
INSERT INTO CLIENTES (NOMBRE, APELLIDO, DNI, TELEFONO, EMAIL, DIRECCION) VALUES ('Julieta', 'Alvarez', '36890123', '1156789013', 'julieta.alvarez@mail.com', 'Av. Libertador 2468, Núñez');
INSERT INTO CLIENTES (NOMBRE, APELLIDO, DNI, TELEFONO, EMAIL, DIRECCION) VALUES ('Agustín', 'Ruiz', '24555444', '1167890124', 'agustin.ruiz@mail.com', 'Av. Corrientes 1357, CABA');
INSERT INTO CLIENTES (NOMBRE, APELLIDO, DNI, TELEFONO, EMAIL, DIRECCION) VALUES ('Lucía', 'Morales', '37901234', '1178901235', 'lucia.morales@mail.com', 'Av. Callao 246, CABA');
INSERT INTO CLIENTES (NOMBRE, APELLIDO, DNI, TELEFONO, EMAIL, DIRECCION) VALUES ('Joaquín', 'Castro', '23444333', '1189012346', 'joaquin.castro@mail.com', 'Av. Pueyrredón 864, CABA');
INSERT INTO CLIENTES (NOMBRE, APELLIDO, DNI, TELEFONO, EMAIL, DIRECCION) VALUES ('Catalina', 'Ortiz', '38012345', '1190123457', 'catalina.ortiz@mail.com', 'Av. Las Heras 975, CABA');
INSERT INTO CLIENTES (NOMBRE, APELLIDO, DNI, TELEFONO, EMAIL, DIRECCION) VALUES ('Benjamín', 'Silva', '22333222', '1101234568', 'benjamin.silva@mail.com', 'Av. Triunvirato 135, Villa Urquiza');
INSERT INTO CLIENTES (NOMBRE, APELLIDO, DNI, TELEFONO, EMAIL, DIRECCION) VALUES ('Emma', 'Núñez', '39123456', '1112345679', 'emma.nunez@mail.com', 'Av. Nazca 357, Flores');
INSERT INTO CLIENTES (NOMBRE, APELLIDO, DNI, TELEFONO, EMAIL, DIRECCION) VALUES ('Santiago', 'Ramírez', '21222111', '1123456780', 'santiago.ramirez@mail.com', 'Av. Directorio 753, Flores');
INSERT INTO CLIENTES (NOMBRE, APELLIDO, DNI, TELEFONO, EMAIL, DIRECCION) VALUES ('Mía', 'Flores', '40234567', '1134567891', 'mia.flores@mail.com', 'Av. Rivadavia 9753, CABA');
-- ============================================================
-- 3. VETERINARIO 
-- ============================================================
INSERT INTO VETERINARIOS (NOMBRE, APELLIDO, MATRICULA, TELEFONO, EMAIL, ID_ESPECIALIDAD, ACTIVO) VALUES ('Carlos', 'Méndez', 'MP-10001', '1140000001', 'carlos.mendez@vet.com', 1, 'S');
INSERT INTO VETERINARIOS (NOMBRE, APELLIDO, MATRICULA, TELEFONO, EMAIL, ID_ESPECIALIDAD, ACTIVO) VALUES ('Ana', 'Suárez', 'MP-10002', '1140000002', 'ana.suarez@vet.com', 2, 'S');
INSERT INTO VETERINARIOS (NOMBRE, APELLIDO, MATRICULA, TELEFONO, EMAIL, ID_ESPECIALIDAD, ACTIVO) VALUES ('Pedro', 'Acosta', 'MP-10003', '1140000003', 'pedro.acosta@vet.com', 3, 'S');
INSERT INTO VETERINARIOS (NOMBRE, APELLIDO, MATRICULA, TELEFONO, EMAIL, ID_ESPECIALIDAD, ACTIVO) VALUES ('Laura', 'Ibáñez', 'MP-10004', '1140000004', 'laura.ibanez@vet.com', 4, 'S');
INSERT INTO VETERINARIOS (NOMBRE, APELLIDO, MATRICULA, TELEFONO, EMAIL, ID_ESPECIALIDAD, ACTIVO) VALUES ('Roberto', 'Funes', 'MP-10005', '1140000005', 'roberto.funes@vet.com', 5, 'S');
INSERT INTO VETERINARIOS (NOMBRE, APELLIDO, MATRICULA, TELEFONO, EMAIL, ID_ESPECIALIDAD, ACTIVO) VALUES ('Patricia', 'Vega', 'MP-10006', '1140000006', 'patricia.vega@vet.com', 6, 'S');
INSERT INTO VETERINARIOS (NOMBRE, APELLIDO, MATRICULA, TELEFONO, EMAIL, ID_ESPECIALIDAD, ACTIVO) VALUES ('Gustavo', 'Paz', 'MP-10007', '1140000007', 'gustavo.paz@vet.com', 7, 'S');
INSERT INTO VETERINARIOS (NOMBRE, APELLIDO, MATRICULA, TELEFONO, EMAIL, ID_ESPECIALIDAD, ACTIVO) VALUES ('Verónica', 'Salas', 'MP-10008', '1140000008', 'veronica.salas@vet.com', 8, 'S');
INSERT INTO VETERINARIOS (NOMBRE, APELLIDO, MATRICULA, TELEFONO, EMAIL, ID_ESPECIALIDAD, ACTIVO) VALUES ('Hernán', 'Ledesma', 'MP-10009', '1140000009', 'hernan.ledesma@vet.com', 9, 'S');
INSERT INTO VETERINARIOS (NOMBRE, APELLIDO, MATRICULA, TELEFONO, EMAIL, ID_ESPECIALIDAD, ACTIVO) VALUES ('Mariana', 'Quiroga', 'MP-10010', '1140000010', 'mariana.quiroga@vet.com', 10, 'S');
INSERT INTO VETERINARIOS (NOMBRE, APELLIDO, MATRICULA, TELEFONO, EMAIL, ID_ESPECIALIDAD, ACTIVO) VALUES ('Federico', 'Cabrera', 'MP-10011', '1140000011', 'federico.cabrera@vet.com', 11, 'S');
INSERT INTO VETERINARIOS (NOMBRE, APELLIDO, MATRICULA, TELEFONO, EMAIL, ID_ESPECIALIDAD, ACTIVO) VALUES ('Gabriela', 'Molina', 'MP-10012', '1140000012', 'gabriela.molina@vet.com', 12, 'S');
INSERT INTO VETERINARIOS (NOMBRE, APELLIDO, MATRICULA, TELEFONO, EMAIL, ID_ESPECIALIDAD, ACTIVO) VALUES ('Ezequiel', 'Aguirre', 'MP-10013', '1140000013', 'ezequiel.aguirre@vet.com', 13, 'S');
INSERT INTO VETERINARIOS (NOMBRE, APELLIDO, MATRICULA, TELEFONO, EMAIL, ID_ESPECIALIDAD, ACTIVO) VALUES ('Daniela', 'Campos', 'MP-10014', '1140000014', 'daniela.campos@vet.com', 14, 'S');
INSERT INTO VETERINARIOS (NOMBRE, APELLIDO, MATRICULA, TELEFONO, EMAIL, ID_ESPECIALIDAD, ACTIVO) VALUES ('Maximiliano', 'Rey', 'MP-10015', '1140000015', 'maximiliano.rey@vet.com', 15, 'S');
INSERT INTO VETERINARIOS (NOMBRE, APELLIDO, MATRICULA, TELEFONO, EMAIL, ID_ESPECIALIDAD, ACTIVO) VALUES ('Rocío', 'Benítez', 'MP-10016', '1140000016', 'rocio.benitez@vet.com', 16, 'S');
INSERT INTO VETERINARIOS (NOMBRE, APELLIDO, MATRICULA, TELEFONO, EMAIL, ID_ESPECIALIDAD, ACTIVO) VALUES ('Ignacio', 'Lucero', 'MP-10017', '1140000017', 'ignacio.lucero@vet.com', 17, 'S');
INSERT INTO VETERINARIOS (NOMBRE, APELLIDO, MATRICULA, TELEFONO, EMAIL, ID_ESPECIALIDAD, ACTIVO) VALUES ('Carolina', 'Medina', 'MP-10018', '1140000018', 'carolina.medina@vet.com', 18, 'S');
INSERT INTO VETERINARIOS (NOMBRE, APELLIDO, MATRICULA, TELEFONO, EMAIL, ID_ESPECIALIDAD, ACTIVO) VALUES ('Sebastián', 'Herrera', 'MP-10019', '1140000019', 'sebastian.herrera@vet.com', 19, 'S');
INSERT INTO VETERINARIOS (NOMBRE, APELLIDO, MATRICULA, TELEFONO, EMAIL, ID_ESPECIALIDAD, ACTIVO) VALUES ('Antonella', 'Vargas', 'MP-10020', '1140000020', 'antonella.vargas@vet.com', 20, 'S');

-- ============================================================
-- 4. MASCOTA 
-- ============================================================
INSERT INTO MASCOTAS (NOMBRE, ESPECIE, RAZA, SEXO, FECHA_NACIMIENTO, PESO_KG, COLOR, ESTERILIZADO, ID_CLIENTE) VALUES ('Toby', 'Perro', 'Labrador', 'M', DATE '2021-03-15', 28.5, 'Dorado', 'S', 1);
INSERT INTO MASCOTAS (NOMBRE, ESPECIE, RAZA, SEXO, FECHA_NACIMIENTO, PESO_KG, COLOR, ESTERILIZADO, ID_CLIENTE) VALUES ('Luna', 'Gato', 'Siamés', 'H', DATE '2022-06-10', 4.2, 'Crema', 'S', 2);
INSERT INTO MASCOTAS (NOMBRE, ESPECIE, RAZA, SEXO, FECHA_NACIMIENTO, PESO_KG, COLOR, ESTERILIZADO, ID_CLIENTE) VALUES ('Rocky', 'Perro', 'Bulldog Francés', 'M', DATE '2020-11-22', 12.0, 'Blanco', 'N', 3);
INSERT INTO MASCOTAS (NOMBRE, ESPECIE, RAZA, SEXO, FECHA_NACIMIENTO, PESO_KG, COLOR, ESTERILIZADO, ID_CLIENTE) VALUES ('Mia', 'Gato', 'Persa', 'H', DATE '2023-01-05', 3.8, 'Gris', 'N', 4);
INSERT INTO MASCOTAS (NOMBRE, ESPECIE, RAZA, SEXO, FECHA_NACIMIENTO, PESO_KG, COLOR, ESTERILIZADO, ID_CLIENTE) VALUES ('Max', 'Perro', 'Golden Retriever', 'M', DATE '2019-08-30', 32.0, 'Dorado', 'S', 5);
INSERT INTO MASCOTAS (NOMBRE, ESPECIE, RAZA, SEXO, FECHA_NACIMIENTO, PESO_KG, COLOR, ESTERILIZADO, ID_CLIENTE) VALUES ('Nala', 'Gato', 'Común Europeo', 'H', DATE '2021-12-18', 3.5, 'Naranja', 'S', 6);
INSERT INTO MASCOTAS (NOMBRE, ESPECIE, RAZA, SEXO, FECHA_NACIMIENTO, PESO_KG, COLOR, ESTERILIZADO, ID_CLIENTE) VALUES ('Thor', 'Perro', 'Pastor Alemán', 'M', DATE '2020-04-07', 35.5, 'Negro y marrón', 'N', 7);
INSERT INTO MASCOTAS (NOMBRE, ESPECIE, RAZA, SEXO, FECHA_NACIMIENTO, PESO_KG, COLOR, ESTERILIZADO, ID_CLIENTE) VALUES ('Bella', 'Perro', 'Caniche', 'H', DATE '2022-02-14', 6.5, 'Blanco', 'S', 8);
INSERT INTO MASCOTAS (NOMBRE, ESPECIE, RAZA, SEXO, FECHA_NACIMIENTO, PESO_KG, COLOR, ESTERILIZADO, ID_CLIENTE) VALUES ('Simón', 'Gato', 'Maine Coon', 'M', DATE '2021-09-25', 6.8, 'Atigrado', 'N', 9);
INSERT INTO MASCOTAS (NOMBRE, ESPECIE, RAZA, SEXO, FECHA_NACIMIENTO, PESO_KG, COLOR, ESTERILIZADO, ID_CLIENTE) VALUES ('Coco', 'Ave', 'Cacatúa', 'M', DATE '2018-05-12', 0.4, 'Blanco', 'N', 10);
INSERT INTO MASCOTAS (NOMBRE, ESPECIE, RAZA, SEXO, FECHA_NACIMIENTO, PESO_KG, COLOR, ESTERILIZADO, ID_CLIENTE) VALUES ('Lola', 'Perro', 'Beagle', 'H', DATE '2020-10-03', 11.2, 'Tricolor', 'S', 11);
INSERT INTO MASCOTAS (NOMBRE, ESPECIE, RAZA, SEXO, FECHA_NACIMIENTO, PESO_KG, COLOR, ESTERILIZADO, ID_CLIENTE) VALUES ('Zeus', 'Perro', 'Rottweiler', 'M', DATE '2019-01-20', 42.0, 'Negro y fuego', 'N', 12);
INSERT INTO MASCOTAS (NOMBRE, ESPECIE, RAZA, SEXO, FECHA_NACIMIENTO, PESO_KG, COLOR, ESTERILIZADO, ID_CLIENTE) VALUES ('Milo', 'Gato', 'Británico de pelo corto', 'M', DATE '2022-07-08', 5.1, 'Gris azulado', 'S', 13);
INSERT INTO MASCOTAS (NOMBRE, ESPECIE, RAZA, SEXO, FECHA_NACIMIENTO, PESO_KG, COLOR, ESTERILIZADO, ID_CLIENTE) VALUES ('Kira', 'Perro', 'Border Collie', 'H', DATE '2021-05-29', 19.0, 'Negro y blanco', 'S', 14);
INSERT INTO MASCOTAS (NOMBRE, ESPECIE, RAZA, SEXO, FECHA_NACIMIENTO, PESO_KG, COLOR, ESTERILIZADO, ID_CLIENTE) VALUES ('Felipe', 'Conejo', 'Holland Lop', 'M', DATE '2023-03-11', 1.6, 'Marrón', 'N', 15);
INSERT INTO MASCOTAS (NOMBRE, ESPECIE, RAZA, SEXO, FECHA_NACIMIENTO, PESO_KG, COLOR, ESTERILIZADO, ID_CLIENTE) VALUES ('Daisy', 'Perro', 'Shih Tzu', 'H', DATE '2022-09-17', 5.4, 'Blanco y marrón', 'S', 16);
INSERT INTO MASCOTAS (NOMBRE, ESPECIE, RAZA, SEXO, FECHA_NACIMIENTO, PESO_KG, COLOR, ESTERILIZADO, ID_CLIENTE) VALUES ('Buddy', 'Perro', 'Dálmata', 'M', DATE '2020-12-25', 25.3, 'Blanco con manchas', 'N', 17);
INSERT INTO MASCOTAS (NOMBRE, ESPECIE, RAZA, SEXO, FECHA_NACIMIENTO, PESO_KG, COLOR, ESTERILIZADO, ID_CLIENTE) VALUES ('Pelusa', 'Gato', 'Angora', 'H', DATE '2021-04-02', 3.9, 'Blanco', 'S', 18);
INSERT INTO MASCOTAS (NOMBRE, ESPECIE, RAZA, SEXO, FECHA_NACIMIENTO, PESO_KG, COLOR, ESTERILIZADO, ID_CLIENTE) VALUES ('Rex', 'Perro', 'Boxer', 'M', DATE '2019-06-14', 30.1, 'Atigrado', 'S', 19);
INSERT INTO MASCOTAS (NOMBRE, ESPECIE, RAZA, SEXO, FECHA_NACIMIENTO, PESO_KG, COLOR, ESTERILIZADO, ID_CLIENTE) VALUES ('Sasha', 'Gato', 'Esfinge', 'H', DATE '2022-11-30', 3.2, 'Rosado', 'N', 20);

-- ============================================================
-- 5. VACUNA 
-- ============================================================
INSERT INTO VACUNAS (NOMBRE, ESPECIE_OBJETIVO, DOSIS_TOTALES, PRECIO) VALUES ('Quíntuple Canina', 'Perro', 3, 8500);
INSERT INTO VACUNAS (NOMBRE, ESPECIE_OBJETIVO, DOSIS_TOTALES, PRECIO) VALUES ('Antirrábica', 'Perro', 1, 5000);
INSERT INTO VACUNAS (NOMBRE, ESPECIE_OBJETIVO, DOSIS_TOTALES, PRECIO) VALUES ('Triple Felina', 'Gato', 3, 7800);
INSERT INTO VACUNAS (NOMBRE, ESPECIE_OBJETIVO, DOSIS_TOTALES, PRECIO) VALUES ('Leucemia Felina', 'Gato', 2, 9200);
INSERT INTO VACUNAS (NOMBRE, ESPECIE_OBJETIVO, DOSIS_TOTALES, PRECIO) VALUES ('Antirrábica Felina', 'Gato', 1, 5000);
INSERT INTO VACUNAS (NOMBRE, ESPECIE_OBJETIVO, DOSIS_TOTALES, PRECIO) VALUES ('Sextuple Canina', 'Perro', 3, 9500);
INSERT INTO VACUNAS (NOMBRE, ESPECIE_OBJETIVO, DOSIS_TOTALES, PRECIO) VALUES ('Bordetella', 'Perro', 1, 6200);
INSERT INTO VACUNAS (NOMBRE, ESPECIE_OBJETIVO, DOSIS_TOTALES, PRECIO) VALUES ('Giardia', 'Perro', 2, 5800);
INSERT INTO VACUNAS (NOMBRE, ESPECIE_OBJETIVO, DOSIS_TOTALES, PRECIO) VALUES ('Coronavirus Canino', 'Perro', 2, 6500);
INSERT INTO VACUNAS (NOMBRE, ESPECIE_OBJETIVO, DOSIS_TOTALES, PRECIO) VALUES ('Clamidiosis Felina', 'Gato', 2, 7000);
INSERT INTO VACUNAS (NOMBRE, ESPECIE_OBJETIVO, DOSIS_TOTALES, PRECIO) VALUES ('Polivalente Aviar', 'Ave', 1, 4500);
INSERT INTO VACUNAS (NOMBRE, ESPECIE_OBJETIVO, DOSIS_TOTALES, PRECIO) VALUES ('Mixomatosis', 'Conejo', 2, 6000);
INSERT INTO VACUNAS (NOMBRE, ESPECIE_OBJETIVO, DOSIS_TOTALES, PRECIO) VALUES ('Enfermedad Hemorrágica Viral', 'Conejo', 1, 6300);
INSERT INTO VACUNAS (NOMBRE, ESPECIE_OBJETIVO, DOSIS_TOTALES, PRECIO) VALUES ('Parvovirus Canino', 'Perro', 2, 7200);
INSERT INTO VACUNAS (NOMBRE, ESPECIE_OBJETIVO, DOSIS_TOTALES, PRECIO) VALUES ('Moquillo Canino', 'Perro', 2, 7600);
INSERT INTO VACUNAS (NOMBRE, ESPECIE_OBJETIVO, DOSIS_TOTALES, PRECIO) VALUES ('Hepatitis Canina', 'Perro', 2, 7100);
INSERT INTO VACUNAS (NOMBRE, ESPECIE_OBJETIVO, DOSIS_TOTALES, PRECIO) VALUES ('Calicivirus Felino', 'Gato', 2, 6900);
INSERT INTO VACUNAS (NOMBRE, ESPECIE_OBJETIVO, DOSIS_TOTALES, PRECIO) VALUES ('Panleucopenia Felina', 'Gato', 2, 7400);
INSERT INTO VACUNAS (NOMBRE, ESPECIE_OBJETIVO, DOSIS_TOTALES, PRECIO) VALUES ('Influenza Canina', 'Perro', 2, 6800);
INSERT INTO VACUNAS (NOMBRE, ESPECIE_OBJETIVO, DOSIS_TOTALES, PRECIO) VALUES ('Antiparasitaria Reforzada', 'Perro', 1, 4800);

-- ============================================================
-- 6. PRODUCTO 
-- ============================================================
INSERT INTO PRODUCTOS (NOMBRE, TIPO, STOCK, PRECIO_UNITARIO) VALUES ('Amoxicilina 250mg', 'Medicamento', 80, 1200);
INSERT INTO PRODUCTOS (NOMBRE, TIPO, STOCK, PRECIO_UNITARIO) VALUES ('Meloxicam Inyectable', 'Medicamento', 45, 2300);
INSERT INTO PRODUCTOS (NOMBRE, TIPO, STOCK, PRECIO_UNITARIO) VALUES ('Suero Fisiológico 500ml', 'Insumo', 100, 950);
INSERT INTO PRODUCTOS (NOMBRE, TIPO, STOCK, PRECIO_UNITARIO) VALUES ('Jeringa 5ml', 'Insumo', 300, 150);
INSERT INTO PRODUCTOS (NOMBRE, TIPO, STOCK, PRECIO_UNITARIO) VALUES ('Guantes de Látex (caja)', 'Insumo', 60, 3200);
INSERT INTO PRODUCTOS (NOMBRE, TIPO, STOCK, PRECIO_UNITARIO) VALUES ('Alimento Balanceado Perro Adulto 15kg', 'Alimento', 25, 18500);
INSERT INTO PRODUCTOS (NOMBRE, TIPO, STOCK, PRECIO_UNITARIO) VALUES ('Alimento Balanceado Gato Adulto 7.5kg', 'Alimento', 30, 14200);
INSERT INTO PRODUCTOS (NOMBRE, TIPO, STOCK, PRECIO_UNITARIO) VALUES ('Antiparasitario Externo Pipeta', 'Medicamento', 70, 3800);
INSERT INTO PRODUCTOS (NOMBRE, TIPO, STOCK, PRECIO_UNITARIO) VALUES ('Antiparasitario Interno Comprimido', 'Medicamento', 90, 1800);
INSERT INTO PRODUCTOS (NOMBRE, TIPO, STOCK, PRECIO_UNITARIO) VALUES ('Vendas Elásticas', 'Insumo', 120, 600);
INSERT INTO PRODUCTOS (NOMBRE, TIPO, STOCK, PRECIO_UNITARIO) VALUES ('Gasa Estéril', 'Insumo', 150, 400);
INSERT INTO PRODUCTOS (NOMBRE, TIPO, STOCK, PRECIO_UNITARIO) VALUES ('Alcohol en Gel 250ml', 'Insumo', 80, 1100);
INSERT INTO PRODUCTOS (NOMBRE, TIPO, STOCK, PRECIO_UNITARIO) VALUES ('Shampoo Dermatológico', 'Insumo', 40, 4500);
INSERT INTO PRODUCTOS (NOMBRE, TIPO, STOCK, PRECIO_UNITARIO) VALUES ('Collar Isabelino Talle M', 'Insumo', 35, 2800);
INSERT INTO PRODUCTOS (NOMBRE, TIPO, STOCK, PRECIO_UNITARIO) VALUES ('Sonda Urinaria', 'Insumo', 20, 3100);
INSERT INTO PRODUCTOS (NOMBRE, TIPO, STOCK, PRECIO_UNITARIO) VALUES ('Anestésico Local', 'Medicamento', 25, 4200);
INSERT INTO PRODUCTOS (NOMBRE, TIPO, STOCK, PRECIO_UNITARIO) VALUES ('Antiinflamatorio Comprimido', 'Medicamento', 100, 1500);
INSERT INTO PRODUCTOS (NOMBRE, TIPO, STOCK, PRECIO_UNITARIO) VALUES ('Suplemento Vitamínico', 'Medicamento', 55, 2600);
INSERT INTO PRODUCTOS (NOMBRE, TIPO, STOCK, PRECIO_UNITARIO) VALUES ('Arena Sanitaria para Gatos 4kg', 'Insumo', 45, 5200);
INSERT INTO PRODUCTOS (NOMBRE, TIPO, STOCK, PRECIO_UNITARIO) VALUES ('Snacks Dentales', 'Alimento', 65, 2100);

-- ============================================================
-- 7. CONSULTA 
-- ============================================================
INSERT INTO CONSULTAS (ID_MASCOTA, ID_VETERINARIO, FECHA_HORA, MOTIVO, DIAGNOSTICO, TRATAMIENTO, PESO_REGISTRADO, COSTO, ESTADO) VALUES (1, 1, DATE '2026-01-10', 'Control anual', 'Animal sano', 'Ninguno', 28.5, 5000, 'FINALIZADA');
INSERT INTO CONSULTAS (ID_MASCOTA, ID_VETERINARIO, FECHA_HORA, MOTIVO, DIAGNOSTICO, TRATAMIENTO, PESO_REGISTRADO, COSTO, ESTADO) VALUES (2, 3, DATE '2026-01-15', 'Picazón en la piel', 'Dermatitis alérgica', 'Shampoo medicado y antihistamínico', 4.2, 8500, 'FINALIZADA');
INSERT INTO CONSULTAS (ID_MASCOTA, ID_VETERINARIO, FECHA_HORA, MOTIVO, DIAGNOSTICO, TRATAMIENTO, PESO_REGISTRADO, COSTO, ESTADO) VALUES (3, 1, DATE '2026-02-02', 'Vómitos', 'Gastroenteritis leve', 'Dieta blanda y antiemético', 12.1, 6200, 'FINALIZADA');
INSERT INTO CONSULTAS (ID_MASCOTA, ID_VETERINARIO, FECHA_HORA, MOTIVO, DIAGNOSTICO, TRATAMIENTO, PESO_REGISTRADO, COSTO, ESTADO) VALUES (4, 5, DATE '2026-02-10', 'Control odontológico', 'Sarro leve', 'Limpieza dental', 3.9, 9000, 'FINALIZADA');
INSERT INTO CONSULTAS (ID_MASCOTA, ID_VETERINARIO, FECHA_HORA, MOTIVO, DIAGNOSTICO, TRATAMIENTO, PESO_REGISTRADO, COSTO, ESTADO) VALUES (5, 4, DATE '2026-02-18', 'Soplo cardíaco detectado', 'Insuficiencia mitral leve', 'Medicación cardíaca y control periódico', 32.0, 12000, 'FINALIZADA');
INSERT INTO CONSULTAS (ID_MASCOTA, ID_VETERINARIO, FECHA_HORA, MOTIVO, DIAGNOSTICO, TRATAMIENTO, PESO_REGISTRADO, COSTO, ESTADO) VALUES (6, 1, DATE '2026-03-01', 'Chequeo general', 'Animal sano', 'Ninguno', 3.5, 4500, 'FINALIZADA');
INSERT INTO CONSULTAS (ID_MASCOTA, ID_VETERINARIO, FECHA_HORA, MOTIVO, DIAGNOSTICO, TRATAMIENTO, PESO_REGISTRADO, COSTO, ESTADO) VALUES (7, 7, DATE '2026-03-05', 'Cojera pata trasera', 'Distensión muscular', 'Reposo y antiinflamatorio', 35.0, 7800, 'FINALIZADA');
INSERT INTO CONSULTAS (ID_MASCOTA, ID_VETERINARIO, FECHA_HORA, MOTIVO, DIAGNOSTICO, TRATAMIENTO, PESO_REGISTRADO, COSTO, ESTADO) VALUES (8, 2, DATE '2026-03-12', 'Esterilización programada', 'Cirugía sin complicaciones', 'Antibiótico post quirúrgico', 6.5, 25000, 'FINALIZADA');
INSERT INTO CONSULTAS (ID_MASCOTA, ID_VETERINARIO, FECHA_HORA, MOTIVO, DIAGNOSTICO, TRATAMIENTO, PESO_REGISTRADO, COSTO, ESTADO) VALUES (9, 1, DATE '2026-03-20', 'Control de rutina', 'Animal sano', 'Ninguno', 6.8, 4500, 'FINALIZADA');
INSERT INTO CONSULTAS (ID_MASCOTA, ID_VETERINARIO, FECHA_HORA, MOTIVO, DIAGNOSTICO, TRATAMIENTO, PESO_REGISTRADO, COSTO, ESTADO) VALUES (10, 1, DATE '2026-04-01', 'Pérdida de plumas', 'Estrés ambiental', 'Cambio de entorno y suplemento', 0.4, 3800, 'FINALIZADA');
INSERT INTO CONSULTAS (ID_MASCOTA, ID_VETERINARIO, FECHA_HORA, MOTIVO, DIAGNOSTICO, TRATAMIENTO, PESO_REGISTRADO, COSTO, ESTADO) VALUES (11, 6, DATE '2026-04-08', 'Lagrimeo excesivo', 'Conjuntivitis leve', 'Gotas oftálmicas', 11.0, 5200, 'FINALIZADA');
INSERT INTO CONSULTAS (ID_MASCOTA, ID_VETERINARIO, FECHA_HORA, MOTIVO, DIAGNOSTICO, TRATAMIENTO, PESO_REGISTRADO, COSTO, ESTADO) VALUES (12, 1, DATE '2026-04-15', 'Chequeo de rutina', 'Animal sano', 'Ninguno', 42.0, 5000, 'FINALIZADA');
INSERT INTO CONSULTAS (ID_MASCOTA, ID_VETERINARIO, FECHA_HORA, MOTIVO, DIAGNOSTICO, TRATAMIENTO, PESO_REGISTRADO, COSTO, ESTADO) VALUES (13, 3, DATE '2026-04-22', 'Caspa y picazón', 'Dermatitis seborreica', 'Shampoo especial', 5.1, 6800, 'FINALIZADA');
INSERT INTO CONSULTAS (ID_MASCOTA, ID_VETERINARIO, FECHA_HORA, MOTIVO, DIAGNOSTICO, TRATAMIENTO, PESO_REGISTRADO, COSTO, ESTADO) VALUES (14, 9, DATE '2026-05-02', 'Bulto en la piel', 'Lipoma benigno', 'Seguimiento periódico', 19.0, 9500, 'FINALIZADA');
INSERT INTO CONSULTAS (ID_MASCOTA, ID_VETERINARIO, FECHA_HORA, MOTIVO, DIAGNOSTICO, TRATAMIENTO, PESO_REGISTRADO, COSTO, ESTADO) VALUES (15, 1, DATE '2026-05-10', 'Control de rutina', 'Animal sano', 'Ninguno', 1.6, 3500, 'FINALIZADA');
INSERT INTO CONSULTAS (ID_MASCOTA, ID_VETERINARIO, FECHA_HORA, MOTIVO, DIAGNOSTICO, TRATAMIENTO, PESO_REGISTRADO, COSTO, ESTADO) VALUES (16, 5, DATE '2026-05-18', 'Mal aliento', 'Gingivitis', 'Limpieza dental', 5.4, 7200, 'FINALIZADA');
INSERT INTO CONSULTAS (ID_MASCOTA, ID_VETERINARIO, FECHA_HORA, MOTIVO, DIAGNOSTICO, TRATAMIENTO, PESO_REGISTRADO, COSTO, ESTADO) VALUES (17, 7, DATE '2026-05-25', 'Renguera leve', 'Artrosis incipiente', 'Antiinflamatorio y reposo', 25.3, 7900, 'FINALIZADA');
INSERT INTO CONSULTAS (ID_MASCOTA, ID_VETERINARIO, FECHA_HORA, MOTIVO, DIAGNOSTICO, TRATAMIENTO, PESO_REGISTRADO, COSTO, ESTADO) VALUES (18, 1, DATE '2026-06-01', 'Control de rutina', 'Animal sano', 'Ninguno', 3.9, 4500, 'FINALIZADA');
INSERT INTO CONSULTAS (ID_MASCOTA, ID_VETERINARIO, FECHA_HORA, MOTIVO, DIAGNOSTICO, TRATAMIENTO, PESO_REGISTRADO, COSTO, ESTADO) VALUES (19, 1, DATE '2026-06-15', 'Consulta de seguimiento', NULL, NULL, NULL, 0, 'PENDIENTE');
INSERT INTO CONSULTAS (ID_MASCOTA, ID_VETERINARIO, FECHA_HORA, MOTIVO, DIAGNOSTICO, TRATAMIENTO, PESO_REGISTRADO, COSTO, ESTADO) VALUES (20, 1, DATE '2026-06-20', 'Primera consulta', NULL, NULL, NULL, 0, 'PENDIENTE');

-- ============================================================
-- 8. VACUNA_APLICADA 
-- ============================================================
INSERT INTO VACUNA_APLICADAS (ID_MASCOTA, ID_VACUNA, ID_VETERINARIO, FECHA_APLICACION, NUMERO_DOSIS, PROXIMA_DOSIS) VALUES (1, 1, 1, DATE '2026-01-10', 1, DATE '2026-04-10');
INSERT INTO VACUNA_APLICADAS (ID_MASCOTA, ID_VACUNA, ID_VETERINARIO, FECHA_APLICACION, NUMERO_DOSIS, PROXIMA_DOSIS) VALUES (1, 2, 1, DATE '2026-01-10', 1, NULL);
INSERT INTO VACUNA_APLICADAS (ID_MASCOTA, ID_VACUNA, ID_VETERINARIO, FECHA_APLICACION, NUMERO_DOSIS, PROXIMA_DOSIS) VALUES (2, 3, 3, DATE '2026-01-15', 1, DATE '2026-02-15');
INSERT INTO VACUNA_APLICADAS (ID_MASCOTA, ID_VACUNA, ID_VETERINARIO, FECHA_APLICACION, NUMERO_DOSIS, PROXIMA_DOSIS) VALUES (2, 4, 3, DATE '2026-01-20', 1, DATE '2026-02-20');
INSERT INTO VACUNA_APLICADAS (ID_MASCOTA, ID_VACUNA, ID_VETERINARIO, FECHA_APLICACION, NUMERO_DOSIS, PROXIMA_DOSIS) VALUES (3, 1, 1, DATE '2026-02-02', 1, DATE '2026-03-02');
INSERT INTO VACUNA_APLICADAS (ID_MASCOTA, ID_VACUNA, ID_VETERINARIO, FECHA_APLICACION, NUMERO_DOSIS, PROXIMA_DOSIS) VALUES (4, 3, 5, DATE '2026-02-10', 1, DATE '2026-03-10');
INSERT INTO VACUNA_APLICADAS (ID_MASCOTA, ID_VACUNA, ID_VETERINARIO, FECHA_APLICACION, NUMERO_DOSIS, PROXIMA_DOSIS) VALUES (5, 2, 4, DATE '2026-02-18', 1, NULL);
INSERT INTO VACUNA_APLICADAS (ID_MASCOTA, ID_VACUNA, ID_VETERINARIO, FECHA_APLICACION, NUMERO_DOSIS, PROXIMA_DOSIS) VALUES (6, 5, 1, DATE '2026-03-01', 1, NULL);
INSERT INTO VACUNA_APLICADAS (ID_MASCOTA, ID_VACUNA, ID_VETERINARIO, FECHA_APLICACION, NUMERO_DOSIS, PROXIMA_DOSIS) VALUES (7, 6, 7, DATE '2026-03-05', 1, DATE '2026-04-05');
INSERT INTO VACUNA_APLICADAS (ID_MASCOTA, ID_VACUNA, ID_VETERINARIO, FECHA_APLICACION, NUMERO_DOSIS, PROXIMA_DOSIS) VALUES (8, 1, 2, DATE '2026-03-12', 1, DATE '2026-04-12');
INSERT INTO VACUNA_APLICADAS (ID_MASCOTA, ID_VACUNA, ID_VETERINARIO, FECHA_APLICACION, NUMERO_DOSIS, PROXIMA_DOSIS) VALUES (9, 3, 1, DATE '2026-03-20', 1, DATE '2026-04-20');
INSERT INTO VACUNA_APLICADAS (ID_MASCOTA, ID_VACUNA, ID_VETERINARIO, FECHA_APLICACION, NUMERO_DOSIS, PROXIMA_DOSIS) VALUES (10, 11, 1, DATE '2026-04-01', 1, NULL);
INSERT INTO VACUNA_APLICADAS (ID_MASCOTA, ID_VACUNA, ID_VETERINARIO, FECHA_APLICACION, NUMERO_DOSIS, PROXIMA_DOSIS) VALUES (11, 1, 6, DATE '2026-04-08', 1, DATE '2026-05-08');
INSERT INTO VACUNA_APLICADAS (ID_MASCOTA, ID_VACUNA, ID_VETERINARIO, FECHA_APLICACION, NUMERO_DOSIS, PROXIMA_DOSIS) VALUES (12, 2, 1, DATE '2026-04-15', 1, NULL);
INSERT INTO VACUNA_APLICADAS (ID_MASCOTA, ID_VACUNA, ID_VETERINARIO, FECHA_APLICACION, NUMERO_DOSIS, PROXIMA_DOSIS) VALUES (13, 3, 3, DATE '2026-04-22', 1, DATE '2026-05-22');
INSERT INTO VACUNA_APLICADAS (ID_MASCOTA, ID_VACUNA, ID_VETERINARIO, FECHA_APLICACION, NUMERO_DOSIS, PROXIMA_DOSIS) VALUES (14, 6, 9, DATE '2026-05-02', 1, DATE '2026-06-02');
INSERT INTO VACUNA_APLICADAS (ID_MASCOTA, ID_VACUNA, ID_VETERINARIO, FECHA_APLICACION, NUMERO_DOSIS, PROXIMA_DOSIS) VALUES (15, 12, 1, DATE '2026-05-10', 1, DATE '2026-06-10');
INSERT INTO VACUNA_APLICADAS (ID_MASCOTA, ID_VACUNA, ID_VETERINARIO, FECHA_APLICACION, NUMERO_DOSIS, PROXIMA_DOSIS) VALUES (16, 1, 5, DATE '2026-05-18', 1, DATE '2026-06-18');
INSERT INTO VACUNA_APLICADAS (ID_MASCOTA, ID_VACUNA, ID_VETERINARIO, FECHA_APLICACION, NUMERO_DOSIS, PROXIMA_DOSIS) VALUES (17, 6, 7, DATE '2026-05-25', 1, DATE '2026-06-25');
INSERT INTO VACUNA_APLICADAS (ID_MASCOTA, ID_VACUNA, ID_VETERINARIO, FECHA_APLICACION, NUMERO_DOSIS, PROXIMA_DOSIS) VALUES (18, 3, 1, DATE '2026-06-01', 1, DATE '2026-07-01');

-- ============================================================
-- 9. DETALLE_CONSULTA 
-- ============================================================
INSERT INTO DETALLE_CONSULTAS (ID_CONSULTA, ID_PRODUCTO, CANTIDAD, PRECIO_UNITARIO) VALUES (1, 9, 1, 1800);
INSERT INTO DETALLE_CONSULTAS (ID_CONSULTA, ID_PRODUCTO, CANTIDAD, PRECIO_UNITARIO) VALUES (2, 13, 1, 4500);
INSERT INTO DETALLE_CONSULTAS (ID_CONSULTA, ID_PRODUCTO, CANTIDAD, PRECIO_UNITARIO) VALUES (2, 18, 2, 2600);
INSERT INTO DETALLE_CONSULTAS (ID_CONSULTA, ID_PRODUCTO, CANTIDAD, PRECIO_UNITARIO) VALUES (3, 1, 1, 1200);
INSERT INTO DETALLE_CONSULTAS (ID_CONSULTA, ID_PRODUCTO, CANTIDAD, PRECIO_UNITARIO) VALUES (3, 3, 1, 950);
INSERT INTO DETALLE_CONSULTAS (ID_CONSULTA, ID_PRODUCTO, CANTIDAD, PRECIO_UNITARIO) VALUES (4, 14, 1, 2800);
INSERT INTO DETALLE_CONSULTAS (ID_CONSULTA, ID_PRODUCTO, CANTIDAD, PRECIO_UNITARIO) VALUES (5, 17, 1, 1500);
INSERT INTO DETALLE_CONSULTAS (ID_CONSULTA, ID_PRODUCTO, CANTIDAD, PRECIO_UNITARIO) VALUES (5, 18, 1, 2600);
INSERT INTO DETALLE_CONSULTAS (ID_CONSULTA, ID_PRODUCTO, CANTIDAD, PRECIO_UNITARIO) VALUES (6, 9, 1, 1800);
INSERT INTO DETALLE_CONSULTAS (ID_CONSULTA, ID_PRODUCTO, CANTIDAD, PRECIO_UNITARIO) VALUES (7, 2, 1, 2300);
INSERT INTO DETALLE_CONSULTAS (ID_CONSULTA, ID_PRODUCTO, CANTIDAD, PRECIO_UNITARIO) VALUES (8, 5, 1, 3200);
INSERT INTO DETALLE_CONSULTAS (ID_CONSULTA, ID_PRODUCTO, CANTIDAD, PRECIO_UNITARIO) VALUES (8, 1, 2, 1200);
INSERT INTO DETALLE_CONSULTAS (ID_CONSULTA, ID_PRODUCTO, CANTIDAD, PRECIO_UNITARIO) VALUES (8, 14, 1, 2800);
INSERT INTO DETALLE_CONSULTAS (ID_CONSULTA, ID_PRODUCTO, CANTIDAD, PRECIO_UNITARIO) VALUES (9, 9, 1, 1800);
INSERT INTO DETALLE_CONSULTAS (ID_CONSULTA, ID_PRODUCTO, CANTIDAD, PRECIO_UNITARIO) VALUES (10, 18, 1, 2600);
INSERT INTO DETALLE_CONSULTAS (ID_CONSULTA, ID_PRODUCTO, CANTIDAD, PRECIO_UNITARIO) VALUES (11, 1, 1, 1200);
INSERT INTO DETALLE_CONSULTAS (ID_CONSULTA, ID_PRODUCTO, CANTIDAD, PRECIO_UNITARIO) VALUES (12, 9, 1, 1800);
INSERT INTO DETALLE_CONSULTAS (ID_CONSULTA, ID_PRODUCTO, CANTIDAD, PRECIO_UNITARIO) VALUES (13, 13, 1, 4500);
INSERT INTO DETALLE_CONSULTAS (ID_CONSULTA, ID_PRODUCTO, CANTIDAD, PRECIO_UNITARIO) VALUES (14, 18, 1, 2600);
INSERT INTO DETALLE_CONSULTAS (ID_CONSULTA, ID_PRODUCTO, CANTIDAD, PRECIO_UNITARIO) VALUES (17, 17, 1, 1500);

COMMIT;