
DROP TABLE detalle_recetas CASCADE CONSTRAINTS;
DROP TABLE recetas CASCADE CONSTRAINTS;
DROP TABLE medicamentos CASCADE CONSTRAINTS;
DROP TABLE diagnosticos CASCADE CONSTRAINTS;
DROP TABLE citas CASCADE CONSTRAINTS;
DROP TABLE internaciones CASCADE CONSTRAINTS;
DROP TABLE habitaciones CASCADE CONSTRAINTS;
DROP TABLE especialidades CASCADE CONSTRAINTS;
DROP TABLE doctores CASCADE CONSTRAINTS;
DROP TABLE pacientes;
DROP TABLE obras_sociales;


--Pacientes
CREATE TABLE obras_sociales (
  id_obra_social NUMBER(4) GENERATED BY DEFAULT AS IDENTITY PRIMARY KEY,
  nombre VARCHAR2(100) NOT NULL,
  telefono VARCHAR2(20),
  direccion VARCHAR2(150),
  email VARCHAR2(100),
  estado VARCHAR2(10)
);

INSERT INTO obras_sociales (nombre, telefono, direccion, email, estado) VALUES 
('Salud Total', '011-4000-1234', 'Av. Siempre Viva 742, CABA', 'contacto@saludtotal.com.ar', 'Activa');
INSERT INTO obras_sociales (nombre, telefono, direccion, email, estado) VALUES 
('MediPlus', '011-4321-9876', 'Calle Falsa 123, CABA', 'info@mediplus.com.ar', 'Activa');
INSERT INTO obras_sociales (nombre, telefono, direccion, email, estado) VALUES 
('Union Medica', '0221-555-2323', 'Diagonal 80 Nro 567, La Plata', 'atencion@unionmedica.org', 'Activa');
INSERT INTO obras_sociales (nombre, telefono, direccion, email, estado) VALUES 
('Vida Sana', '0341-789-4567', 'Bv. Oronio 345, Rosario', 'consultas@vidasana.com', 'Activa');
INSERT INTO obras_sociales (nombre, telefono, direccion, email, estado) VALUES 
('Salud y Vida', '011-6543-2100', 'Av. Corrientes 1000, CABA', 'servicios@saludyvida.ar', 'Activa');
INSERT INTO obras_sociales (nombre, telefono, direccion, email, estado) VALUES 
('Prevencion Salud', '0351-123-4567', 'Colon 432, Cordoba', 'contacto@prevencionsalud.com', 'Activa');
INSERT INTO obras_sociales (nombre, telefono, direccion, email, estado) VALUES 
('Red Medica Argentina', '011-3333-4444', 'Av. Belgrano 2300, CABA', 'rma@salud.com.ar', 'Activa');
INSERT INTO obras_sociales (nombre, telefono, direccion, email, estado) VALUES 
('Cobertura Integral', '011-9090-8080', 'Thames 1500, CABA', 'soporte@coberturaintegral.ar', 'Activa');
INSERT INTO obras_sociales (nombre, telefono, direccion, email, estado) VALUES 
('Plan Medico XXI', '0381-567-0987', '25 de Mayo 450, Tucuman', 'clientes@planmedicoxxi.com', 'Inactiva');
INSERT INTO obras_sociales (nombre, telefono, direccion, email, estado) VALUES 
('Salud Norte', '0299-678-1234', 'Av. Argentina 789, Neuquen', 'info@saludnorte.com', 'Activa');
INSERT INTO obras_sociales (nombre, telefono, direccion, email, estado) VALUES 
('Bienestar Plus', '011-2222-3344', 'Libertador 6500, CABA', 'bienestar@plus.com.ar', 'Activa');
INSERT INTO obras_sociales (nombre, telefono, direccion, email, estado) VALUES 
('Amparo Salud', '0261-456-7890', 'San Martin 1234, Mendoza', 'amparo@salud.org', 'Inactiva');
INSERT INTO obras_sociales (nombre, telefono, direccion, email, estado) VALUES 
('Sanar Ya', '0297-123-4567', 'Rivadavia 900, Comodoro Rivadavia', 'sanarya@servicios.com', 'Activa');
INSERT INTO obras_sociales (nombre, telefono, direccion, email, estado) VALUES 
('Vida Familiar', '0379-456-2345', 'Junin 432, Corrientes', 'info@vidafamiliar.org', 'Activa');
INSERT INTO obras_sociales (nombre, telefono, direccion, email, estado) VALUES 
('Solidaria Medica', '011-1111-2222', 'Av. Roca 1010, CABA', 'solidaria@medica.com.ar', 'Inactiva');


CREATE TABLE pacientes (
  id_paciente       NUMBER(4) GENERATED BY DEFAULT AS IDENTITY PRIMARY KEY,
  nombre            VARCHAR2(50),
  apellido          VARCHAR2(50),
  dni               VARCHAR2(20) ,
  fecha_nacimiento  DATE,
  direccion         VARCHAR2(150),
  telefono          VARCHAR2(20),
  email             VARCHAR2(100)UNIQUE,
  id_obra_social    NUMBER(4)
);

ALTER TABLE pacientes ADD CONSTRAINT fk_paciente_obra_social FOREIGN KEY (id_obra_social) REFERENCES obras_sociales(id_obra_social);

INSERT INTO pacientes (nombre, apellido, dni, fecha_nacimiento, direccion, telefono, email,id_obra_social) VALUES ('Juan', 'Perez', '12345678', TO_DATE('1980-05-10','YYYY-MM-DD'), 'Av. Siempre Viva 742', '1134567890', 'juan.perez@email.com',1);
INSERT INTO pacientes (nombre, apellido, dni, fecha_nacimiento, direccion, telefono, email,id_obra_social) VALUES ('Mar a', 'Gomez', '23456789', TO_DATE('1990-03-22','YYYY-MM-DD'), 'Calle Falsa 123', '1145678901', 'maria.gomez@email.com',1);
INSERT INTO pacientes (nombre, apellido, dni, fecha_nacimiento, direccion, telefono, email,id_obra_social) VALUES ('Carlos', 'Lopez', '34567890', TO_DATE('1975-11-15','YYYY-MM-DD'), 'Pasaje Esperanza 45', '1156789012', 'carlos.lopez@email.com',1);
INSERT INTO pacientes (nombre, apellido, dni, fecha_nacimiento, direccion, telefono, email,id_obra_social) VALUES ('Laura', 'Diaz', '45678901', TO_DATE('1985-07-30','YYYY-MM-DD'), 'Calle Sarmiento 123', '1167890123', 'laura.diaz@email.com',4);
INSERT INTO pacientes (nombre, apellido, dni, fecha_nacimiento, direccion, telefono, email,id_obra_social) VALUES ('Luis', 'Fernandez', '56789012', TO_DATE('1992-12-12','YYYY-MM-DD'), 'Av. Mitre 456', '1178901234', 'luis.fernandez@email.com',4);
INSERT INTO pacientes (nombre, apellido, dni, fecha_nacimiento, direccion, telefono, email,id_obra_social) VALUES ('Sof a', 'Martinez', '67890123', TO_DATE('1999-09-15','YYYY-MM-DD'), 'Calle C rdoba 789', '1189012345', 'sofia.martinez@email.com',3);
INSERT INTO pacientes (nombre, apellido, dni, fecha_nacimiento, direccion, telefono, email,id_obra_social) VALUES ('Diego', 'Romero', '78901234', TO_DATE('1988-06-25','YYYY-MM-DD'), 'Calle Mendoza 321', '1190123456', 'diego.romero@email.com',3);
INSERT INTO pacientes (nombre, apellido, dni, fecha_nacimiento, direccion, telefono, email,id_obra_social) VALUES ('Camila', 'Torres', '89012345', TO_DATE('1972-04-10','YYYY-MM-DD'), 'Av. Rivadavia 234', '1101234567', 'camila.torres@email.com',4);
INSERT INTO pacientes (nombre, apellido, dni, fecha_nacimiento, direccion, telefono, email,id_obra_social) VALUES ('Gustavo', 'Alvarez', '90123456', TO_DATE('1983-08-19','YYYY-MM-DD'), 'Calle Lavalle 567', '1112345678', 'gustavo.alvarez@email.com',5);
INSERT INTO pacientes (nombre, apellido, dni, fecha_nacimiento, direccion, telefono, email,id_obra_social) VALUES ('Veronica', 'Silva', '01234567', TO_DATE('1991-11-22','YYYY-MM-DD'), 'Calle Belgrano 890', '1123456789', 'veronica.silva@email.com',4);
INSERT INTO pacientes (nombre, apellido, dni, fecha_nacimiento, direccion, telefono, email,id_obra_social) VALUES ('Martin', 'Ortega', '13579135', TO_DATE('1986-02-02','YYYY-MM-DD'), 'Calle San Mart n 123', '1134567890', 'martin.ortega@email.com',5);
INSERT INTO pacientes (nombre, apellido, dni, fecha_nacimiento, direccion, telefono, email,id_obra_social) VALUES ('Carla', 'Varela', '24680246', TO_DATE('1993-03-03','YYYY-MM-DD'), 'Calle Santa Fe 456', '1145678901', 'carla.varela@email.com',2);
INSERT INTO pacientes (nombre, apellido, dni, fecha_nacimiento, direccion, telefono, email,id_obra_social) VALUES ('Nicolas', 'Mendez', '11223344', TO_DATE('1984-04-04','YYYY-MM-DD'), 'Calle Tucum n 789', '1156789012', 'nicolas.mendez@email.com',2);
INSERT INTO pacientes (nombre, apellido, dni, fecha_nacimiento, direccion, telefono, email,id_obra_social) VALUES ('Julia', 'Navarro', '55667788', TO_DATE('1987-05-05','YYYY-MM-DD'), 'Calle Catamarca 321', '1167890123', 'julia.navarro@email.com',3);
INSERT INTO pacientes (nombre, apellido, dni, fecha_nacimiento, direccion, telefono, email,id_obra_social) VALUES ('Agustin', 'Molina', '99887766', TO_DATE('1990-06-06','YYYY-MM-DD'), 'Calle Entre R os 654', '1178901234', 'agustin.molina@email.com',5);


-- Especialidades
CREATE TABLE especialidades (
  id_especialidad NUMBER(4) GENERATED BY DEFAULT AS IDENTITY PRIMARY KEY,
  nombre VARCHAR2(100) NOT NULL,
  descripcion VARCHAR2(255)
);

INSERT INTO especialidades (nombre, descripcion) VALUES ('Cardiologia', 'Diagnostico y tratamiento de enfermedades del corazon y sistema circulatorio.');
INSERT INTO especialidades (nombre, descripcion) VALUES ('Pediatria', 'Atencion medica integral de ninios desde el nacimiento hasta la adolescencia.');
INSERT INTO especialidades (nombre, descripcion) VALUES ('Dermatologia', 'Tratamiento de enfermedades de la piel, cabello y unias.');
INSERT INTO especialidades (nombre, descripcion) VALUES ('Neurologia', 'Estudio y tratamiento de trastornos del sistema nervioso.');
INSERT INTO especialidades (nombre, descripcion) VALUES ('Traumatologia', 'Atencion de lesiones del sistema musculoesqueletico y ortopedia.');


-- Doctores,
CREATE TABLE doctores (
  id_doctor         NUMBER(4) GENERATED BY DEFAULT AS IDENTITY PRIMARY KEY,
  apellido          VARCHAR2(50),
  nombre            VARCHAR2(50),
  ID_especialidad      NUMBER(4),
  matricula         VARCHAR2(20) UNIQUE,
  telefono          VARCHAR2(20),
  email             VARCHAR2(100)
);

ALTER TABLE doctores ADD CONSTRAINT fk_especial FOREIGN KEY (id_especialidad) REFERENCES especialidades(id_especialidad);

INSERT INTO doctores (nombre, apellido, matricula, telefono, email, id_especialidad) VALUES ('Ana', 'Ruiz',  'MAT001', '1132123456', 'ana.ruiz@hospital.com',2);
INSERT INTO doctores (nombre, apellido, matricula, telefono, email, id_especialidad) VALUES ('Pablo', 'Marquez',  'MAT002', '1143234567', 'pablo.marquez@hospital.com',2);
INSERT INTO doctores (nombre, apellido, matricula, telefono, email, id_especialidad) VALUES ('Lucia', 'Ferreyra',  'MAT003', '1154345678', 'lucia.ferreyra@hospital.com',1);
INSERT INTO doctores (nombre, apellido, matricula, telefono, email, id_especialidad) VALUES ('Hector', 'Morales',  'MAT004', '1165456789', 'hector.morales@hospital.com',4);
INSERT INTO doctores (nombre, apellido, matricula, telefono, email, id_especialidad) VALUES ('Elena', 'Suarez',  'MAT005', '1176567890', 'elena.suarez@hospital.com',3);
INSERT INTO doctores (nombre, apellido, matricula, telefono, email, id_especialidad) VALUES ('Ramiro', 'Gil',  'MAT006', '1187678901', 'ramiro.gil@hospital.com',2);
INSERT INTO doctores (nombre, apellido, matricula, telefono, email, id_especialidad) VALUES ('Patricia', 'Rojas',  'MAT007', '1198789012', 'patricia.rojas@hospital.com',4);
INSERT INTO doctores (nombre, apellido, matricula, telefono, email, id_especialidad) VALUES ('Martin', 'Godoy',  'MAT008', '1109890123', 'martin.godoy@hospital.com',5);
INSERT INTO doctores (nombre, apellido, matricula, telefono, email, id_especialidad) VALUES ('Laura', 'Sosa',  'MAT009', '1110901234', 'laura.sosa@hospital.com',4);
INSERT INTO doctores (nombre, apellido, matricula, telefono, email, id_especialidad) VALUES ('Gabriel', 'Vera',  'MAT010', '1121012345', 'gabriel.vera@hospital.com',5);
INSERT INTO doctores (nombre, apellido, matricula, telefono, email, id_especialidad) VALUES ('Julian', 'Ibanez',  'MAT011', '1132123456', 'julian.ibanez@hospital.com',3);
INSERT INTO doctores (nombre, apellido, matricula, telefono, email, id_especialidad) VALUES ('Valeria', 'Campos',  'MAT012', '1143234567', 'valeria.campos@hospital.com',5);
INSERT INTO doctores (nombre, apellido, matricula, telefono, email, id_especialidad) VALUES ('Andres', 'Mena',  'MAT013', '1154345678', 'andres.mena@hospital.com',3);
INSERT INTO doctores (nombre, apellido, matricula, telefono, email, id_especialidad) VALUES ('Diana', 'Paz',  'MAT014', '1165456789', 'diana.paz@hospital.com',2);
INSERT INTO doctores (nombre, apellido, matricula, telefono, email, id_especialidad) VALUES ('Roberto', 'Salas',  'MAT015', '1176567890', 'roberto.salas@hospital.com',1);

-- Habitaciones
CREATE TABLE habitaciones (
  id_habitacion     NUMBER(4) GENERATED BY DEFAULT AS IDENTITY PRIMARY KEY,
  numero            VARCHAR2(10) UNIQUE,
  piso              NUMBER(2),
  tipo              VARCHAR2(50)
);


INSERT INTO habitaciones (numero, piso, tipo) VALUES ('101', 1, 'Individual');
INSERT INTO habitaciones (numero, piso, tipo) VALUES ('102', 1, 'Individual');
INSERT INTO habitaciones (numero, piso, tipo) VALUES ('103', 1, 'Compartida');
INSERT INTO habitaciones (numero, piso, tipo) VALUES ('201', 2, 'UCI');
INSERT INTO habitaciones (numero, piso, tipo) VALUES ('202', 2, 'Individual'); 
INSERT INTO habitaciones (numero, piso, tipo) VALUES ('203', 2, 'UCI');
INSERT INTO habitaciones (numero, piso, tipo) VALUES ('301', 3, 'Individual'); 
INSERT INTO habitaciones (numero, piso, tipo) VALUES ('302', 3, 'Compartida'); 
INSERT INTO habitaciones (numero, piso, tipo) VALUES ('303', 3, 'Compartida');
INSERT INTO habitaciones (numero, piso, tipo) VALUES ('401', 4, 'Individual'); 
INSERT INTO habitaciones (numero, piso, tipo) VALUES ('402', 4, 'Compartida'); 
INSERT INTO habitaciones (numero, piso, tipo) VALUES ('403', 4, 'Individual');
INSERT INTO habitaciones (numero, piso, tipo) VALUES ('501', 5, 'UCI'); 
INSERT INTO habitaciones (numero, piso, tipo) VALUES ('502', 5, 'UCI'); 
INSERT INTO habitaciones (numero, piso, tipo) VALUES ('503', 5, 'Individual');

-- Internaciones
CREATE TABLE internaciones (
  id_internacion    NUMBER(4) GENERATED BY DEFAULT AS IDENTITY PRIMARY KEY,
  id_paciente       NUMBER(4),
  id_habitacion     NUMBER(4),
  fecha_ingreso     DATE,
  fecha_egreso      DATE,
  motivo            VARCHAR2(40)    
);

ALTER TABLE internaciones ADD CONSTRAINT fk_interpac FOREIGN KEY (id_paciente) REFERENCES pacientes(id_paciente);
ALTER TABLE internaciones ADD CONSTRAINT fk_interhab FOREIGN KEY (id_habitacion) REFERENCES habitaciones(id_habitacion);

INSERT INTO internaciones (id_paciente, id_habitacion, fecha_ingreso, fecha_egreso, motivo) VALUES (1, 1, TO_DATE('2024-01-01','YYYY-MM-DD'), TO_DATE('2024-01-10','YYYY-MM-DD'), 'Infarto leve');
INSERT INTO internaciones (id_paciente, id_habitacion, fecha_ingreso, fecha_egreso, motivo) VALUES (2, 2, TO_DATE('2024-01-05','YYYY-MM-DD'), TO_DATE('2024-01-12','YYYY-MM-DD'), 'Neumonia');
INSERT INTO internaciones (id_paciente, id_habitacion, fecha_ingreso, fecha_egreso, motivo) VALUES (3, 3, TO_DATE('2024-02-01','YYYY-MM-DD'), TO_DATE('2024-02-07','YYYY-MM-DD'), 'Postoperatorio');
INSERT INTO internaciones (id_paciente, id_habitacion, fecha_ingreso, fecha_egreso, motivo) VALUES (4, 4, TO_DATE('2024-02-15','YYYY-MM-DD'), TO_DATE('2024-02-28','YYYY-MM-DD'), 'Accidente domestico');
INSERT INTO internaciones (id_paciente, id_habitacion, fecha_ingreso, fecha_egreso, motivo) VALUES (5, 5, TO_DATE('2024-03-01','YYYY-MM-DD'), NULL, 'ACV');
INSERT INTO internaciones (id_paciente, id_habitacion, fecha_ingreso, fecha_egreso, motivo) VALUES (6, 6, TO_DATE('2024-03-10','YYYY-MM-DD'), NULL, 'Quemaduras leves');
INSERT INTO internaciones (id_paciente, id_habitacion, fecha_ingreso, fecha_egreso, motivo) VALUES (7, 7, TO_DATE('2024-03-20','YYYY-MM-DD'), TO_DATE('2024-03-25','YYYY-MM-DD'), 'Crisis emocional');
INSERT INTO internaciones (id_paciente, id_habitacion, fecha_ingreso, fecha_egreso, motivo) VALUES (8, 8, TO_DATE('2024-03-26','YYYY-MM-DD'), NULL, 'Caancer en tratamiento');
INSERT INTO internaciones (id_paciente, id_habitacion, fecha_ingreso, fecha_egreso, motivo) VALUES (9, 9, TO_DATE('2024-04-01','YYYY-MM-DD'), TO_DATE('2024-04-07','YYYY-MM-DD'), 'Parto programado');
INSERT INTO internaciones (id_paciente, id_habitacion, fecha_ingreso, fecha_egreso, motivo) VALUES (10, 10, TO_DATE('2024-04-10','YYYY-MM-DD'), TO_DATE('2024-04-14','YYYY-MM-DD'), 'Cirugia');
INSERT INTO internaciones (id_paciente, id_habitacion, fecha_ingreso, fecha_egreso, motivo) VALUES (11, 11, TO_DATE('2024-04-20','YYYY-MM-DD'), NULL, 'Endocrinopatia');
INSERT INTO internaciones (id_paciente, id_habitacion, fecha_ingreso, fecha_egreso, motivo) VALUES (12, 12, TO_DATE('2024-04-25','YYYY-MM-DD'), NULL, 'Cirugia ocular');
INSERT INTO internaciones (id_paciente, id_habitacion, fecha_ingreso, fecha_egreso, motivo) VALUES (13, 13, TO_DATE('2024-05-01','YYYY-MM-DD'), NULL, 'Dolores cronicos');
INSERT INTO internaciones (id_paciente, id_habitacion, fecha_ingreso, fecha_egreso, motivo) VALUES (14, 14, TO_DATE('2024-05-10','YYYY-MM-DD'), TO_DATE('2024-05-12','YYYY-MM-DD'), 'Shock alergico');
INSERT INTO internaciones (id_paciente, id_habitacion, fecha_ingreso, fecha_egreso, motivo) VALUES (15, 15, TO_DATE('2024-05-15','YYYY-MM-DD'), TO_DATE('2024-05-25','YYYY-MM-DD'), 'Infeccion respiratoria');


-- Citas m dicas
CREATE TABLE citas (
  id_cita           NUMBER(4) GENERATED BY DEFAULT AS IDENTITY PRIMARY KEY,
  id_paciente       NUMBER(4),
  id_doctor         NUMBER(4),
  fecha_cita        DATE,
  motivo            VARCHAR2(200),
  estado            VARCHAR2(50) -- Confirmada, Cancelada, Realizada
);
ALTER TABLE citas ADD CONSTRAINT fk_pac FOREIGN KEY (id_paciente) REFERENCES pacientes(id_paciente);
ALTER TABLE citas ADD CONSTRAINT fk_doc FOREIGN KEY (id_doctor) REFERENCES doctores(id_doctor);


INSERT INTO citas (id_paciente, id_doctor, fecha_cita, motivo, estado) VALUES (1, 1, TO_DATE('2024-01-15','YYYY-MM-DD'), 'Chequeo cardiologico', 'Realizada');
INSERT INTO citas (id_paciente, id_doctor, fecha_cita, motivo, estado) VALUES (2, 2, TO_DATE('2024-01-16','YYYY-MM-DD'), 'Control pediatrico', 'Realizada');
INSERT INTO citas (id_paciente, id_doctor, fecha_cita, motivo, estado) VALUES (3, 3, TO_DATE('2024-02-10','YYYY-MM-DD'), 'Consulta general', 'Cancelada');
INSERT INTO citas (id_paciente, id_doctor, fecha_cita, motivo, estado) VALUES (4, 4, TO_DATE('2024-03-05','YYYY-MM-DD'), 'Dolor de espalda', 'Pendiente');
INSERT INTO citas (id_paciente, id_doctor, fecha_cita, motivo, estado) VALUES (5, 5, TO_DATE('2024-03-20','YYYY-MM-DD'), 'Mareos frecuentes', 'Realizada');
INSERT INTO citas (id_paciente, id_doctor, fecha_cita, motivo, estado) VALUES (6, 6, TO_DATE('2024-04-02','YYYY-MM-DD'), 'Erupcion cutanea', 'Realizada');
INSERT INTO citas (id_paciente, id_doctor, fecha_cita, motivo, estado) VALUES (7, 7, TO_DATE('2024-04-10','YYYY-MM-DD'), 'Evaluacion psicologica', 'Pendiente');
INSERT INTO citas (id_paciente, id_doctor, fecha_cita, motivo, estado) VALUES (8, 8, TO_DATE('2024-04-15','YYYY-MM-DD'), 'Estudio oncologico', 'Pendiente');
INSERT INTO citas (id_paciente, id_doctor, fecha_cita, motivo, estado) VALUES (9, 9, TO_DATE('2024-05-01','YYYY-MM-DD'), 'Control ginecologico', 'Realizada');
INSERT INTO citas (id_paciente, id_doctor, fecha_cita, motivo, estado) VALUES (10, 10, TO_DATE('2024-05-12','YYYY-MM-DD'), 'Dolor urinario', 'Cancelada');
INSERT INTO citas (id_paciente, id_doctor, fecha_cita, motivo, estado) VALUES (11, 11, TO_DATE('2024-05-20','YYYY-MM-DD'), 'Consulta hormonal', 'Pendiente');
INSERT INTO citas (id_paciente, id_doctor, fecha_cita, motivo, estado) VALUES (12, 12, TO_DATE('2024-06-01','YYYY-MM-DD'), 'Problemas de vision', 'Pendiente');
INSERT INTO citas (id_paciente, id_doctor, fecha_cita, motivo, estado) VALUES (13, 13, TO_DATE('2024-06-10','YYYY-MM-DD'), 'Dolores articulares', 'Pendiente');
INSERT INTO citas (id_paciente, id_doctor, fecha_cita, motivo, estado) VALUES (14, 14, TO_DATE('2024-06-15','YYYY-MM-DD'), 'Reaccion alergica', 'Realizada');
INSERT INTO citas (id_paciente, id_doctor, fecha_cita, motivo, estado) VALUES (15, 15, TO_DATE('2024-06-20','YYYY-MM-DD'), 'Fiebre persistente', 'Realizada');

--Diagn sticos
CREATE TABLE diagnosticos (
  id_diagnostico    NUMBER(4) GENERATED BY DEFAULT AS IDENTITY PRIMARY KEY,
  id_cita           NUMBER ,
  descripcion       VARCHAR2(500),
  fecha             DATE DEFAULT SYSDATE
);
ALTER TABLE diagnosticos ADD CONSTRAINT fk_diagn FOREIGN KEY (id_cita) REFERENCES citas(id_cita);


INSERT INTO diagnosticos (id_cita, descripcion) VALUES (1, 'Arritmia leve');
INSERT INTO diagnosticos (id_cita, descripcion) VALUES (2, 'Crecimiento adecuado');
INSERT INTO diagnosticos (id_cita, descripcion) VALUES (3, 'Hipertension arterial');
INSERT INTO diagnosticos (id_cita, descripcion) VALUES (4, 'Lumbalgia aguda');
INSERT INTO diagnosticos (id_cita, descripcion) VALUES (5, 'Vertigo vestibular');
INSERT INTO diagnosticos (id_cita, descripcion) VALUES (6, 'Dermatitis por contacto');
INSERT INTO diagnosticos (id_cita, descripcion) VALUES (7, 'Ansiedad generalizada');
INSERT INTO diagnosticos (id_cita, descripcion) VALUES (8, 'Linfoma en evaluacion');
INSERT INTO diagnosticos (id_cita, descripcion) VALUES (9, 'Control postparto normal');
INSERT INTO diagnosticos (id_cita, descripcion) VALUES (10, 'Infeccion urinaria');
INSERT INTO diagnosticos (id_cita, descripcion) VALUES (11, 'Hipotiroidismo');
INSERT INTO diagnosticos (id_cita, descripcion) VALUES (12, 'Astigmatismo y presbicia');
INSERT INTO diagnosticos (id_cita, descripcion) VALUES (13, 'Artritis reumatoide');
INSERT INTO diagnosticos (id_cita, descripcion) VALUES (14, 'Rinitis alergica');
INSERT INTO diagnosticos (id_cita, descripcion) VALUES (15, 'Faringitis aguda');


-- Medicamentos
CREATE TABLE medicamentos (
  id_medicamento    NUMBER(4) GENERATED BY DEFAULT AS IDENTITY PRIMARY KEY,
  nombre            VARCHAR2(100),
  descripcion       VARCHAR2(300)
);

INSERT INTO medicamentos (nombre, descripcion) VALUES ('Ibuprofeno 400mg', 'Antiinflamatorio y analgesico');
INSERT INTO medicamentos (nombre, descripcion) VALUES ('Paracetamol 500mg', 'Analgesico y antipiretico');
INSERT INTO medicamentos (nombre, descripcion) VALUES ('Amoxicilina 500mg', 'Antibiotico de amplio espectro');
INSERT INTO medicamentos (nombre, descripcion) VALUES ('Losartan 50mg', 'Antihipertensivo');
INSERT INTO medicamentos (nombre, descripcion) VALUES ('Atorvastatina 20mg', 'Reductor de colesterol');
INSERT INTO medicamentos (nombre, descripcion) VALUES ('Omeprazol 20mg', 'Protector gastrico');
INSERT INTO medicamentos (nombre, descripcion) VALUES ('Metformina 850mg', 'Antidiabetico oral');
INSERT INTO medicamentos (nombre, descripcion) VALUES ('Clonazepam 2mg', 'Ansiolitico');
INSERT INTO medicamentos (nombre, descripcion) VALUES ('Salbutamol inhalador', 'Broncodilatador');
INSERT INTO medicamentos (nombre, descripcion) VALUES ('Azitromicina 500mg', 'Antibiotico');
INSERT INTO medicamentos (nombre, descripcion) VALUES ('Diclofenac 75mg', 'Antiinflamatorio');
INSERT INTO medicamentos (nombre, descripcion) VALUES ('Enalapril 10mg', 'Antihipertensivo');
INSERT INTO medicamentos (nombre, descripcion) VALUES ('Loratadina 10mg', 'Antialergico');
INSERT INTO medicamentos (nombre, descripcion) VALUES ('Fluoxetina 20mg', 'Antidepresivo');
INSERT INTO medicamentos (nombre, descripcion) VALUES ('Furosemida 40mg', 'Diurutico');

-- Recetas
CREATE TABLE recetas (
  id_receta         NUMBER(4) GENERATED BY DEFAULT AS IDENTITY PRIMARY KEY,
  id_paciente    NUMBER(4),
  fecha_receta      DATE DEFAULT SYSDATE
);

ALTER TABLE recetas ADD CONSTRAINT fk_diag FOREIGN KEY (id_paciente) REFERENCES pacientes(id_paciente);

INSERT INTO recetas (id_paciente) VALUES (1); 
INSERT INTO recetas (id_paciente) VALUES (2); 
INSERT INTO recetas (id_paciente) VALUES (3); 
INSERT INTO recetas (id_paciente) VALUES (4); 
INSERT INTO recetas (id_paciente) VALUES (4); 
INSERT INTO recetas (id_paciente) VALUES (6); 
INSERT INTO recetas (id_paciente) VALUES (7); 
INSERT INTO recetas (id_paciente) VALUES (5); 
INSERT INTO recetas (id_paciente) VALUES (9); 
INSERT INTO recetas (id_paciente) VALUES (10); 
INSERT INTO recetas (id_paciente) VALUES (8); 
INSERT INTO recetas (id_paciente) VALUES (8); 
INSERT INTO recetas (id_paciente) VALUES (3); 
INSERT INTO recetas (id_paciente) VALUES (8);
INSERT INTO recetas (id_paciente) VALUES (8);

-- Detalle de recetas
CREATE TABLE detalle_recetas (
  id_receta         NUMBER(4),
  id_medicamento    NUMBER(4),
  dosis             VARCHAR2(100),
  PRIMARY KEY (id_receta, id_medicamento)
);

ALTER TABLE detalle_recetas ADD CONSTRAINT fk_receta FOREIGN KEY (id_receta) REFERENCES recetas(id_receta);
ALTER TABLE detalle_recetas ADD CONSTRAINT fk_medicamento FOREIGN KEY (id_medicamento) REFERENCES medicamentos(id_medicamento);


INSERT INTO detalle_recetas (id_receta, id_medicamento, dosis) VALUES (1, 1, '1 cada 8h');
INSERT INTO detalle_recetas (id_receta, id_medicamento, dosis) VALUES (2, 2, '1 cada 6h');
INSERT INTO detalle_recetas (id_receta, id_medicamento, dosis) VALUES (3, 4, '1 diaria');
INSERT INTO detalle_recetas (id_receta, id_medicamento, dosis) VALUES (4, 11, '1 cada 12h');
INSERT INTO detalle_recetas (id_receta, id_medicamento, dosis) VALUES (5, 5, '1 diaria por la noche');
INSERT INTO detalle_recetas (id_receta, id_medicamento, dosis) VALUES (6, 6, '1 diaria en ayunas');
INSERT INTO detalle_recetas (id_receta, id_medicamento, dosis) VALUES (7, 8, '0.5mg diaria');
INSERT INTO detalle_recetas (id_receta, id_medicamento, dosis) VALUES (8, 10, '1 diaria por 3 d as');
INSERT INTO detalle_recetas (id_receta, id_medicamento, dosis) VALUES (9, 9, '2 inhalaciones cada 8h');
INSERT INTO detalle_recetas (id_receta, id_medicamento, dosis) VALUES (10, 12, '1 diaria');
INSERT INTO detalle_recetas (id_receta, id_medicamento, dosis) VALUES (11, 7, '1 cada 12h con comida');
INSERT INTO detalle_recetas (id_receta, id_medicamento, dosis) VALUES (12, 13, '1 diaria por la manana');
INSERT INTO detalle_recetas (id_receta, id_medicamento, dosis) VALUES (13, 3, '1 cada 8h por 7 dias');
INSERT INTO detalle_recetas (id_receta, id_medicamento, dosis) VALUES (14, 14, '1 cada 24h');
INSERT INTO detalle_recetas (id_receta, id_medicamento, dosis) VALUES (15, 15, '1 cada 12h');

CREATE TABLE auditoria (
  id_auditoria NUMBER(6) GENERATED BY DEFAULT AS IDENTITY PRIMARY KEY,
  usuario VARCHAR2(30) NOT NULL,
  fecha TIMESTAMP DEFAULT SYSTIMESTAMP NOT NULL,
  motivo VARCHAR2(255) NOT NULL,
  tabla VARCHAR2(30)
);

COMMIT;

SELECT * FROM internaciones WHERE id_paciente = 5;

SELECT fecha_ingreso, fecha_egreso
FROM internaciones
WHERE id_paciente = 5
  AND fecha_egreso IS NULL;

